,AirfoilName
0,a18-il
1,a18sm-il
2,a63a108c-il
3,ag03-il
4,ag04-il
5,ag08-il
6,ag09-il
7,ag10-il
8,ag11-il
9,ag12-il
10,ag13-il
11,ag14-il
12,ag16-il
13,ag17-il
14,ag18-il
15,ag19-il
16,ag24-il
17,ag25-il
18,ag26-il
19,ag27-il
20,ag35-il
21,ag36-il
22,ag37-il
23,ag38-il
24,ag44ct02r-il
25,ag455ct02r-il
26,ag45c03-il
27,ag45ct02r-il
28,ag46c03-il
29,ag46ct02r-il
30,ag47c03-il
31,ag47ct02r-il
32,ah21-7-il
33,ah21-9-il
34,ah63k127-il
35,ah6407-il
36,ah7476-il
37,ah79100a-il
38,ah79100b-il
39,ah79100c-il
40,ah79k132-il
41,ah79k135-il
42,ah79k143-il
43,ah80129-il
44,ah80136-il
45,ah80140-il
46,ah81131-il
47,ah81k144-il
48,ah81k144wfklappe-il
49,ah82150a-il
50,ah82150f-il
51,ah83150q-il
52,ah83159-il
53,ah85l120-il
54,ah88k130-il
55,ah88k136-il
56,ah93156-il
57,ah93157-il
58,ah93k130-il
59,ah93k131-il
60,ah93k132-il
61,ah93w145-il
62,ah93w174-il
63,ah93w215-il
64,ah93w257-il
65,ah93w300-il
66,ah93w480b-il
67,ah94145-il
68,ah94156-il
69,ah94w301-il
70,ah95160-il
71,ames01-il
72,ames02-il
73,ames03-il
74,amsoil1-il
75,amsoil2-il
76,apex16-il
77,aquilasm-il
78,arad10-il
79,arad13-il
80,arad20-il
81,arad6-il
82,as5045-il
83,as5046-il
84,as5048-il
85,atr72sm-il
86,august160-il
87,avistar-il
88,b29root-il
89,b29tip-il
90,b540ols-il
91,b707a-il
92,b707b-il
93,b707c-il
94,b707d-il
95,b707e-il
96,b737a-il
97,b737b-il
98,b737c-il
99,b737d-il
100,bacj-il
101,bacnlf-il
102,bacxxx-il
103,bambino6-il
104,be50-il
105,be50sm-il
106,boe103-il
107,boe106-il
108,bqm34-il
109,bw3-il
110,c141a-il
111,c141b-il
112,c141c-il
113,c141d-il
114,c141e-il
115,c141f-il
116,c5a-il
117,c5b-il
118,c5c-il
119,c5d-il
120,c5e-il
121,cap21c-il
122,cast102-il
123,ch10sm-il
124,chen-il
125,clarkk-il
126,clarkv-il
127,clarkw-il
128,clarkx-il
129,clarky-il
130,clarkyh-il
131,clarkys-il
132,clarkysm-il
133,clarkz-il
134,clarym15-il
135,clarym18-il
136,coanda1-il
137,coanda2-il
138,coanda3-il
139,cootie-il
140,cp-060-050-gn
141,cp-080-050-gn
142,cp-100-050-gn
143,cp-120-050-gn
144,cp-140-050-gn
145,cp-160-050-gn
146,cp-180-050-gn
147,cr001sm-il
148,cr1-il
149,curtisc72-il
150,dae11-il
151,dae21-il
152,dae31-il
153,dae51-il
154,davis-corrected-il
155,davis-il
156,davissm-il
157,daytonwright6-il
158,daytonwrightt1-il
159,dbln526-il
160,defcnd1-il
161,defcnd2-il
162,defcnd3-il
163,df101-il
164,df102-il
165,dfvlrr4-il
166,dga1138-il
167,dga1182-il
168,dh4009sm-il
169,doa5-il
170,dormoy-il
171,drgnfly-il
172,dsma523a-il
173,dsma523b-il
174,du06-w-200-dt
175,du84132v-il
176,du8608418-il
177,du861372-il
178,e1098-il
179,e1200-il
180,e1210-il
181,e1211-il
182,e1212-il
183,e1212mod-il
184,e1213-il
185,e1214-il
186,e1230-il
187,e1233-il
188,e168-il
189,e169-il
190,e171-il
191,e174-il
192,e176-il
193,e178-il
194,e180-il
195,e182-il
196,e184-il
197,e186-il
198,e193-il
199,e195-il
200,e197-il
201,e201-il
202,e203-il
203,e205-il
204,e207-il
205,e209-il
206,e210-il
207,e211-il
208,e212-il
209,e214-il
210,e216-il
211,e220-il
212,e221-il
213,e222-il
214,e224-il
215,e226-il
216,e228-il
217,e230-il
218,e231-il
219,e266-il
220,e297-il
221,e325-il
222,e326-il
223,e327-il
224,e328-il
225,e329-il
226,e330-il
227,e331-il
228,e332-il
229,e333-il
230,e334-il
231,e335-il
232,e336-il
233,e337-il
234,e338-il
235,e339-il
236,e340-il
237,e341-il
238,e342-il
239,e343-il
240,e344-il
241,e360-il
242,e361-il
243,e374-il
244,e376-il
245,e377-il
246,e377m-il
247,e378-il
248,e379-il
249,e385-il
250,e387-il
251,e392-il
252,e393-il
253,e395-il
254,e396-il
255,e397-il
256,e398-il
257,e399-il
258,e403-il
259,e407-il
260,e417-il
261,e420-il
262,e421-il
263,e422-il
264,e423-il
265,e426-il
266,e428-il
267,e431-il
268,e432-il
269,e433-il
270,e434-il
271,e435-il
272,e471-il
273,e472-il
274,e473-il
275,e474-il
276,e475-il
277,e479-il
278,e485-il
279,e49-il
280,e502-il
281,e520-il
282,e521-il
283,e540-il
284,e541-il
285,e542-il
286,e543-il
287,e544-il
288,e545-il
289,e546-il
290,e547-il
291,e548-il
292,e549-il
293,e550-il
294,e551-il
295,e552-il
296,e553-il
297,e554-il
298,e555-il
299,e556-il
300,e557-il
301,e558-il
302,e559-il
303,e560-il
304,e561-il
305,e562-il
306,e58-il
307,e580-il
308,e582-il
309,e583-il
310,e584-il
311,e585-il
312,e587-il
313,e59-il
314,e591-il
315,e593-il
316,e598-il
317,e603-il
318,e604-il
319,e61-il
320,e62-il
321,e625-il
322,e63-il
323,e635-il
324,e636-il
325,e637-il
326,e638-il
327,e639-il
328,e64-il
329,e642-il
330,e654-il
331,e655-il
332,e656-il
333,e657-il
334,e66-il
335,e662-il
336,e664-il
337,e668-il
338,e67-il
339,e678-il
340,e68-il
341,e682-il
342,e694-il
343,e71-il
344,e715-il
345,e748-il
346,e793-il
347,e817-il
348,e818-il
349,e836-il
350,e837-il
351,e838-il
352,e850-il
353,e851-il
354,e852-il
355,e853-il
356,e854-il
357,e855-il
358,e856-il
359,e857-il
360,e858-il
361,e862-il
362,e863-il
363,e864-il
364,e874-il
365,e904-il
366,e908-il
367,ea61009-il
368,ea61012-il
369,ea81006-il
370,ebambino7-il
371,ec863914-il
372,eh0009-il
373,eh1070-il
374,eh1090-il
375,eh1590-il
376,eh2010-il
377,eh2012-il
378,eh2070-il
379,eh2510-il
380,eh3012-il
381,eiffel10-il
382,eiffel371-il
383,eiffel385-il
384,eiffel428-il
385,eiffel430-il
386,esa40-il
387,falcon-il
388,fauvel-il
389,fg1-il
390,fg2-il
391,fg3-il
392,fg4-il
393,fx049915-il
394,fx05188-il
395,fx05191-il
396,fx057816-il
397,fx05h126-il
398,fx082512-il
399,fx08s176-il
400,fx2-il
401,fx3-il
402,fx38153-il
403,fx60100-il
404,fx601001-il
405,fx60100sm-il
406,fx60126-il
407,fx601261-il
408,fx60157-il
409,fx60160-il
410,fx60177-il
411,fx61140-il
412,fx61147-il
413,fx61163-il
414,fx61168-il
415,fx61184-il
416,fx62k131-il
417,fx62k153-il
418,fx63100-il
419,fx63110-il
420,fx63120-il
421,fx63137-il
422,fx63137sm-il
423,fx63143-il
424,fx63145-il
425,fx63147-il
426,fx63158-il
427,fx6617a2-il
428,fx6617ai-il
429,fx66182-il
430,fx66196v-il
431,fx66a175-il
432,fx66h60-il
433,fx66h80-il
434,fx66s161-il
435,fx66s171-il
436,fx66s196-il
437,fx67k150-il
438,fx67k170-il
439,fx68h120-il
440,fx69274-il
441,fx69h083-il
442,fx69h098-il
443,fx69pr281-il
444,fx71089a-il
445,fx71120-il
446,fx711520-il
447,fx711525-il
448,fx711530-il
449,fx71l150-il
450,fx72150a-il
451,fx72150b-il
452,fx72ls160-il
453,fx73170-il
454,fx73170a-il
455,fx73cl1152-il
456,fx73cl2152-il
457,fx73cl3152-il
458,fx73k170-il
459,fx74080-il
460,fx74130wp1-il
461,fx74130wp2-il
462,fx74130wp2mod-il
463,fx74cl5140-il
464,fx74cl6140-il
465,fx74modsm-il
466,fx75141-il
467,fx75193-il
468,fx75vg166-il
469,fx76100-il
470,fx76120-il
471,fx76mp120-il
472,fx76mp140-il
473,fx76mp160-il
474,fx77080-il
475,fx77w121-il
476,fx77w153-il
477,fx77w258-il
478,fx77w270-il
479,fx77w270s-il
480,fx77w343-il
481,fx78k140-il
482,fx78k140a20-il
483,fx78k150-il
484,fx78k161-il
485,fx78pk188-il
486,fx79k144-il
487,fx79l100-il
488,fx79l120-il
489,fx79w151a-il
490,fx79w470a-il
491,fx79w660a-il
492,fx80080-il
493,fx83w108-il
494,fx83w160-il
495,fx83w227-il
496,fx84w097-il
497,fx84w127-il
498,fx84w140-il
499,fx84w150-il
500,fx84w175-il
501,fx84w218-il
502,fxl142k-il
503,fxlv152-il
504,fxm2-il
505,fxs02196-il
506,fxs03182-il
507,fxs21158-il
508,geminism-il
509,giiia-il
510,giiib-il
511,giiic-il
512,giiid-il
513,giiie-il
514,giiif-il
515,giiig-il
516,giiih-il
517,giiii-il
518,giiij-il
519,giiik-il
520,giiil-il
521,giiim-il
522,giiin-il
523,glennmartin2-il
524,glennmartin3-il
525,glennmartin4-il
526,gm15sm-il
527,goe05k-il
528,goe06k-il
529,goe07k-il
530,goe08k-il
531,goe09k-il
532,goe100-il
533,goe101-il
534,goe10k-il
535,goe113-il
536,goe114-il
537,goe115-il
538,goe116-il
539,goe117-il
540,goe118-il
541,goe11k-il
542,goe121-il
543,goe122-il
544,goe123-il
545,goe124-il
546,goe12k-il
547,goe133-il
548,goe134-il
549,goe137-il
550,goe13k-il
551,goe14-il
552,goe140-il
553,goe142-il
554,goe143-il
555,goe144-il
556,goe147-il
557,goe14k-il
558,goe15-il
559,goe155-il
560,goe15k-il
561,goe164-il
562,goe165-il
563,goe167-il
564,goe16k-il
565,goe173-il
566,goe174-il
567,goe176-il
568,goe177-il
569,goe178-il
570,goe180-il
571,goe182-il
572,goe184-il
573,goe187-il
574,goe188-il
575,goe190-il
576,goe195-il
577,goe198-il
578,goe199-il
579,goe207-il
580,goe210-il
581,goe217-il
582,goe222-il
583,goe223-il
584,goe225-il
585,goe226-il
586,goe227-il
587,goe228-il
588,goe229-il
589,goe233-il
590,goe234-il
591,goe235-il
592,goe238-il
593,goe239-il
594,goe240-il
595,goe241-il
596,goe242-il
597,goe243-il
598,goe244-il
599,goe255-il
600,goe256-il
601,goe257-il
602,goe264-il
603,goe265-il
604,goe269-il
605,goe274-il
606,goe275-il
607,goe276-il
608,goe277-il
609,goe278-il
610,goe279-il
611,goe280-il
612,goe281-il
613,goe282-il
614,goe284-il
615,goe285-il
616,goe286-il
617,goe287-il
618,goe288-il
619,goe289-il
620,goe290-il
621,goe298-il
622,goe29b-il
623,goe300-il
624,goe301-il
625,goe303-il
626,goe304-il
627,goe308-il
628,goe309-il
629,goe310-il
630,goe311-il
631,goe314-il
632,goe315-il
633,goe316-il
634,goe318-il
635,goe319-il
636,goe320-il
637,goe321-il
638,goe322-il
639,goe323-il
640,goe324-il
641,goe325-il
642,goe326-il
643,goe328-il
644,goe329-il
645,goe330-il
646,goe331-il
647,goe332-il
648,goe335-il
649,goe336-il
650,goe342-il
651,goe344-il
652,goe346-il
653,goe358-il
654,goe359-il
655,goe360-il
656,goe361-il
657,goe362-il
658,goe363-il
659,goe364-il
660,goe365-il
661,goe366-il
662,goe367-il
663,goe368-il
664,goe369-il
665,goe370-il
666,goe371-il
667,goe372-il
668,goe373-il
669,goe374-il
670,goe375-il
671,goe376-il
672,goe377-il
673,goe379-il
674,goe380-il
675,goe381-il
676,goe382-il
677,goe383-il
678,goe384-il
679,goe385-il
680,goe386-il
681,goe387-il
682,goe388-il
683,goe389-il
684,goe390-il
685,goe391-il
686,goe392-il
687,goe393-il
688,goe394-il
689,goe395-il
690,goe396-il
691,goe397-il
692,goe398-il
693,goe399-il
694,goe400-il
695,goe401-il
696,goe402-il
697,goe403-il
698,goe404-il
699,goe405-il
700,goe406-il
701,goe407-il
702,goe408-il
703,goe409-il
704,goe410-il
705,goe411-il
706,goe412-il
707,goe413-il
708,goe414-il
709,goe415-il
710,goe416a-il
711,goe417-il
712,goe417a-il
713,goe418-il
714,goe419-il
715,goe420-il
716,goe421-il
717,goe422-il
718,goe423-il
719,goe424-il
720,goe425-il
721,goe426-il
722,goe427-il
723,goe428-il
724,goe429-il
725,goe430-il
726,goe431-il
727,goe432-il
728,goe433-il
729,goe434-il
730,goe435-il
731,goe436-il
732,goe437-il
733,goe438-il
734,goe439-il
735,goe440-il
736,goe441-il
737,goe442-il
738,goe443-il
739,goe444-il
740,goe445-il
741,goe446-il
742,goe447-il
743,goe448-il
744,goe449-il
745,goe450-il
746,goe451-il
747,goe456-il
748,goe457-il
749,goe458-il
750,goe459-il
751,goe460-il
752,goe462-il
753,goe464-il
754,goe474-il
755,goe476-il
756,goe477-il
757,goe478-il
758,goe479-il
759,goe480-il
760,goe481-il
761,goe481a-il
762,goe482-il
763,goe483-il
764,goe484-il
765,goe488-il
766,goe490-il
767,goe491-il
768,goe492-il
769,goe493-il
770,goe494-il
771,goe495-il
772,goe496-il
773,goe497-il
774,goe498-il
775,goe499-il
776,goe500-il
777,goe501-il
778,goe502-il
779,goe503-il
780,goe504-il
781,goe505-il
782,goe506-il
783,goe507-il
784,goe508-il
785,goe509-il
786,goe510-il
787,goe511-il
788,goe512-il
789,goe513-il
790,goe514-il
791,goe515-il
792,goe517-il
793,goe518-il
794,goe522-il
795,goe523-il
796,goe525-il
797,goe526-il
798,goe527-il
799,goe528-il
800,goe529-il
801,goe530-il
802,goe531-il
803,goe532-il
804,goe533-il
805,goe534-il
806,goe535-il
807,goe54-il
808,goe546-il
809,goe547-il
810,goe548-il
811,goe549-il
812,goe55-il
813,goe550-il
814,goe553-il
815,goe559-il
816,goe561-il
817,goe562-il
818,goe563-il
819,goe564-il
820,goe565-il
821,goe566-il
822,goe567-il
823,goe57-il
824,goe570-il
825,goe571-il
826,goe572-il
827,goe573-il
828,goe574-il
829,goe575-il
830,goe584-il
831,goe585-il
832,goe587-il
833,goe590-il
834,goe591-il
835,goe592-il
836,goe593-il
837,goe595-il
838,goe596-il
839,goe598-il
840,goe599-il
841,goe600-il
842,goe601-il
843,goe602-il
844,goe602m-il
845,goe604-il
846,goe610b-il
847,goe610bm-il
848,goe611-il
849,goe612-il
850,goe613-il
851,goe614-il
852,goe615-il
853,goe617-il
854,goe619-il
855,goe620-il
856,goe621-il
857,goe622-il
858,goe623-il
859,goe624-il
860,goe625-il
861,goe626-il
862,goe627-il
863,goe628-il
864,goe629-il
865,goe63-il
866,goe630-il
867,goe632-il
868,goe633-il
869,goe645-il
870,goe646-il
871,goe647-il
872,goe648-il
873,goe650-il
874,goe652-il
875,goe654-il
876,goe655-il
877,goe670-il
878,goe673-il
879,goe675-il
880,goe676-il
881,goe677-il
882,goe679-il
883,goe681-il
884,goe682-il
885,goe683-il
886,goe685-il
887,goe692-il
888,goe693-il
889,goe701-il
890,goe702-il
891,goe703-il
892,goe704-il
893,goe711-il
894,goe723-il
895,goe735-il
896,goe738-il
897,goe741-il
898,goe744-il
899,goe746-il
900,goe758-il
901,goe765-il
902,goe766-il
903,goe767-il
904,goe769-il
905,goe770-il
906,goe775-il
907,goe776-il
908,goe777-il
909,goe780-il
910,goe79-il
911,goe795-il
912,goe795sm-il
913,goe796-il
914,goe797-il
915,goe798-il
916,goe801-il
917,goe802-il
918,goe802a-il
919,goe802b-il
920,goe803h-il
921,goe804-il
922,goe81-il
923,goe92-il
924,griffith30symsuction-il
925,gs1-il
926,gu255118-il
927,hh02-il
928,hobie-il
929,hobiesm-il
930,hor04-il
931,hor07-il
932,hor12-il
933,hor20-il
934,hq010-il
935,hq07-il
936,hq09-il
937,hq1010-il
938,hq1012-il
939,hq108-il
940,hq109-il
941,hq1510-il
942,hq1511-il
943,hq1512-il
944,hq158-il
945,hq1585-il
946,hq159-il
947,hq159b-il
948,hq17-il
949,hq2010-il
950,hq2012-il
951,hq208-il
952,hq209-il
953,hq2090sm-il
954,hq2195-il
955,hq2510-il
956,hq2511-il
957,hq2512-il
958,hq258-il
959,hq259-il
960,hq2590sm-il
961,hq259b-il
962,hq300gd2-il
963,hq3010-il
964,hq3011-il
965,hq3012-il
966,hq3013-il
967,hq3014-il
968,hq3015-il
969,hq308-il
970,hq309-il
971,hq3510-il
972,hq3512-il
973,hq3513-il
974,hq3514-il
975,hq3518-il
976,hq358-il
977,hq359-il
978,hs1404-il
979,hs1430-il
980,hs1606-il
981,hs1620-il
982,hs1708-il
983,hs1712-il
984,hsnlf213-il
985,ht05-il
986,ht08-il
987,ht12-il
988,ht22-il
989,ht23-il
990,isa571-il
991,isa960-il
992,isa961-il
993,isa962-il
994,j5012-il
995,jn153-il
996,joukowsk-il
997,joukowsk0009-jf
998,joukowsk0015-jf
999,joukowsk0018-jf
1000,joukowsk0021-jf
1001,k1-il
1002,k2-il
1003,k3-il
1004,k3311-il
1005,k3311sm-il
1006,kc135a-il
1007,kc135b-il
1008,kc135c-il
1009,kc135d-il
1010,kc135winglet-il
1011,kenmar-il
1012,l1003-il
1013,l188root-il
1014,l188tip-il
1015,l7769-il
1016,la203a-il
1017,la2573a-il
1018,la5055-il
1019,lds2-il
1020,lg10sc-il
1021,lnv109a-il
1022,lrn1007-il
1023,lrn1015-il
1024,ls013-il
1025,ls413-il
1026,ls413mod-il
1027,ls417-il
1028,ls417mod-il
1029,ls421-il
1030,ls421mod-il
1031,lwk79100-il
1032,lwk80080-il
1033,lwk80100-il
1034,lwk80120k25-il
1035,lwk80150k25-il
1036,m1-il
1037,m10-il
1038,m11-il
1039,m12-il
1040,m13-il
1041,m14-il
1042,m15-il
1043,m16-il
1044,m17-il
1045,m18-il
1046,m19-il
1047,m2-il
1048,m20-il
1049,m21-il
1050,m22-il
1051,m23-il
1052,m24-il
1053,m25-il
1054,m26-il
1055,m27-il
1056,m3-il
1057,m4-il
1058,m5-il
1059,m6-il
1060,m665-il
1061,m685-il
1062,m7-il
1063,m8-il
1064,m9-il
1065,ma409-il
1066,ma409sm-il
1067,marsden-il
1068,marske1-il
1069,marske2-il
1070,marske3-il
1071,marske4-il
1072,marske5-il
1073,marske7-il
1074,mb253515sm-il
1075,mh102-il
1076,mh104-il
1077,mh106-il
1078,mh108-il
1079,mh110-il
1080,mh112-il
1081,mh113-il
1082,mh114-il
1083,mh115-il
1084,mh116-il
1085,mh117-il
1086,mh120-il
1087,mh121-il
1088,mh122-il
1089,mh150-il
1090,mh18-il
1091,mh20-il
1092,mh200-il
1093,mh201-il
1094,mh22-il
1095,mh23-il
1096,mh24-il
1097,mh25-il
1098,mh26-il
1099,mh27-il
1100,mh30-il
1101,mh32-il
1102,mh33-il
1103,mh38-il
1104,mh42-il
1105,mh43-il
1106,mh44-il
1107,mh45-il
1108,mh46-il
1109,mh60-il
1110,mh61-il
1111,mh62-il
1112,mh64-il
1113,mh70-il
1114,mh78-il
1115,mh80-il
1116,mh81-il
1117,mh82-il
1118,mh83-il
1119,mh84-il
1120,mh91-il
1121,mh92-il
1122,mh93-il
1123,mh94-il
1124,mh95-il
1125,miley-il
1126,mrc-16-il
1127,mrc-20-il
1128,ms313-il
1129,ms317-il
1130,mue139-il
1131,n0009sm-il
1132,n0011sc-il
1133,n0012-il
1134,n10-il
1135,n11-il
1136,n11h9-il
1137,n12-il
1138,n13-il
1139,n14-il
1140,n1h15-il
1141,n22-il
1142,n24-il
1143,n2414-il
1144,n2415-il
1145,n2h15-il
1146,n5h10-il
1147,n5h15-il
1148,n5h20-il
1149,n63010a-il
1150,n63012a-il
1151,n63015a-il
1152,n63210-il
1153,n63212-il
1154,n63215-il
1155,n63215b-il
1156,n63412-il
1157,n63415-il
1158,n64008a-il
1159,n64012-il
1160,n64012a-il
1161,n64015-il
1162,n64015a-il
1163,n6409-il
1164,n64108-il
1165,n64110-il
1166,n64212-il
1167,n64212ma-il
1168,n64212mb-il
1169,n64215-il
1170,n66021-il
1171,n6h10-il
1172,n6h15-il
1173,n6h20-il
1174,n8h12-il
1175,n9-il
1176,naca0006-il
1177,naca0008-il
1178,naca000834-il
1179,naca0010-il
1180,naca001034-il
1181,naca001034a08cli02-il
1182,naca001035-il
1183,naca001064-il
1184,naca001065-il
1185,naca001066-il
1186,naca001234-il
1187,naca001264-il
1188,naca001264a08cli02-il
1189,naca0012h-sa
1190,naca0015-il
1191,naca0018-il
1192,naca0021-il
1193,naca0024-il
1194,naca1408-il
1195,naca1410-il
1196,naca1412-il
1197,naca16006-il
1198,naca16009-il
1199,naca16012-il
1200,naca16015-il
1201,naca16018-il
1202,naca16021-il
1203,naca22112-jf
1204,naca23012-il
1205,naca23015-il
1206,naca23018-il
1207,naca23021-il
1208,naca23024-il
1209,naca23112-jf
1210,naca2408-il
1211,naca2410-il
1212,naca2411-il
1213,naca24112-jf
1214,naca2412-il
1215,naca2415-il
1216,naca2418-il
1217,naca2421-il
1218,naca2424-il
1219,naca25112-jf
1220,naca4412-il
1221,naca4415-il
1222,naca4418-il
1223,naca4421-il
1224,naca4424-il
1225,naca63206-il
1226,naca63209-il
1227,naca632615-il
1228,naca632a015-il
1229,naca633018-il
1230,naca633218-il
1231,naca633418-il
1232,naca633618-il
1233,naca634221-il
1234,naca634421-il
1235,naca63a210-il
1236,naca641112-il
1237,naca6412-il
1238,naca64206-il
1239,naca64208-il
1240,naca64209-il
1241,naca64210-il
1242,naca642215-il
1243,naca642415-il
1244,naca643218-il
1245,naca643418-il
1246,naca643618-il
1247,naca644221-il
1248,naca644421-il
1249,naca64a010-il
1250,naca64a210-il
1251,naca64a410-il
1252,naca651212-il
1253,naca651212a06-il
1254,naca651412-il
1255,naca65206-il
1256,naca65209-il
1257,naca65210-il
1258,naca652215-il
1259,naca652415-il
1260,naca652415a05-il
1261,naca653218-il
1262,naca653618-il
1263,naca65410-il
1264,naca654221-il
1265,naca654421-il
1266,naca654421a05-il
1267,naca66-018-il
1268,naca661212-il
1269,naca66206-il
1270,naca66209-il
1271,naca66210-il
1272,naca662215-il
1273,naca662415-il
1274,naca663218-il
1275,naca663418-il
1276,naca664221-il
1277,naca671215-il
1278,naca747a315-il
1279,naca747a415-il
1280,nacacyh-il
1281,nacam12-il
1282,nacam18-il
1283,nacam2-il
1284,nacam3-il
1285,nacam6-il
1286,nasasc2-0714-il
1287,ncambre-il
1288,nl722343-il
1289,nl722362-il
1290,nlf0115-il
1291,nlf0215f-il
1292,nlf1015-il
1293,nlf414f-il
1294,nlf415-il
1295,nlf416-il
1296,nlr1t-il
1297,nlr7301-il
1298,nn7mk20-il
1299,npl9510-il
1300,npl9615-il
1301,npl9626-il
1302,npl9627-il
1303,npl9660-il
1304,nplx-il
1305,oa206-il
1306,oa209-il
1307,oa212-il
1308,oa213-il
1309,oaf095-il
1310,oaf102-il
1311,oaf117-il
1312,oaf128-il
1313,oaf139-il
1314,p51droot-il
1315,p51dtip-il
1316,p51hroot-il
1317,p51htip-il
1318,pfcm-il
1319,pmc19sm-il
1320,prandtl-d-root-ns
1321,prandtl-d-tip-ns
1322,psu-90-125wl-il
1323,psu94097-il
1324,pt40-il
1325,pw106-pw
1326,pw1211-pw
1327,pw51-pw
1328,pw75-pw
1329,pw98mod-pw
1330,r1046-il
1331,r1080-il
1332,r1082-il
1333,r1082t-il
1334,r140-il
1335,r140sm-il
1336,rae100-il
1337,rae101-il
1338,rae102-il
1339,rae103-il
1340,rae104-il
1341,rae2822-il
1342,rae5212-il
1343,rae5213-il
1344,rae5214-il
1345,rae5215-il
1346,rae69ck-il
1347,raf15-il
1348,raf19-il
1349,raf25-il
1350,raf26-il
1351,raf27-il
1352,raf28-il
1353,raf30-il
1354,raf30md-il
1355,raf31-il
1356,raf32-il
1357,raf32md-il
1358,raf33-il
1359,raf34-il
1360,raf38-il
1361,raf48-il
1362,raf6-il
1363,raf69-il
1364,raf89-il
1365,rc0864c-il
1366,rc08b3-il
1367,rc08n1-il
1368,rc1064c-il
1369,rc10b3-il
1370,rc10n1-il
1371,rc1264c-il
1372,rc12b3-il
1373,rc12n1-il
1374,rc410-il
1375,rc510-il
1376,rcsc2-il
1377,rg12-il
1378,rg12a-il
1379,rg12a189-il
1380,rg14-il
1381,rg1410-il
1382,rg149-il
1383,rg1495-il
1384,rg14a147-il
1385,rg15-il
1386,rg15a111-il
1387,rg15a213-il
1388,rg8-il
1389,rhodesg30-il
1390,rhodesg32-il
1391,rhodesg34-il
1392,rhodesg36-il
1393,s1010-il
1394,s1012-il
1395,s1014-il
1396,s1016-il
1397,s1020-il
1398,s102b-il
1399,s102s-il
1400,s1046-il
1401,s1048-il
1402,s1091-il
1403,s1210-il
1404,s1221-flap-il
1405,s1221-il
1406,s1223-il
1407,s1223rtl-il
1408,s2027-il
1409,s2046-il
1410,s2048-il
1411,s2050-il
1412,s2055-il
1413,s2060-il
1414,s2062-il
1415,s2091-il
1416,s3-il
1417,s3002-il
1418,s3010-il
1419,s3014-il
1420,s3016-il
1421,s3021-il
1422,s3024-il
1423,s3025-il
1424,s4022-il
1425,s4053-il
1426,s4061-il
1427,s4062-il
1428,s4083-il
1429,s4094-il
1430,s4095-il
1431,s4096-il
1432,s4110-il
1433,s4158-il
1434,s4180-il
1435,s4233-il
1436,s4310-il
1437,s4320-il
1438,s5010-il
1439,s5020-il
1440,s6061-il
1441,s6062-il
1442,s6063-il
1443,s7012-il
1444,s7055-il
1445,s7075-il
1446,s801-nr
1447,s802-nr
1448,s8025-il
1449,s803-nr
1450,s8035-il
1451,s8036-il
1452,s8037-il
1453,s8038-il
1454,s804-nr
1455,s8052-il
1456,s8055-il
1457,s805a-nr
1458,s8064-il
1459,s8065-il
1460,s8066-il
1461,s806a-nr
1462,s807-nr
1463,s808-nr
1464,s809-nr
1465,s810-nr
1466,s811-nr
1467,s812-nr
1468,s813-nr
1469,s814-nr
1470,s815-nr
1471,s816-nr
1472,s817-nr
1473,s818-nr
1474,s819-nr
1475,s820-nr
1476,s821-nr
1477,s822-nr
1478,s823-nr
1479,s825-nr
1480,s826-nr
1481,s827-nr
1482,s828-nr
1483,s829-nr
1484,s830-nr
1485,s831-nr
1486,s832-nr
1487,s833-nr
1488,s834-nr
1489,s835-nr
1490,s9000-il
1491,s9026-il
1492,s9027-il
1493,s9032-il
1494,s9033-il
1495,s9037-il
1496,sa7024-il
1497,sa7025-il
1498,sa7026-il
1499,sa7035-il
1500,sa7036-il
1501,sa7038-il
1502,saratov-il
1503,sc1012r8-il
1504,sc1094r8-il
1505,sc1095-il
1506,sc1095r8-il
1507,sc20010-il
1508,sc20012-il
1509,sc20402-il
1510,sc20403-il
1511,sc20404-il
1512,sc20406-il
1513,sc20410-il
1514,sc20412-il
1515,sc20414-il
1516,sc20503-il
1517,sc20518-il
1518,sc20606-il
1519,sc20610-il
1520,sc20612-il
1521,sc20614-il
1522,sc20706-il
1523,sc20710-il
1524,sc20712-il
1525,sc20714-il
1526,sc21006-il
1527,sc21010-il
1528,sc2110-il
1529,sd2030-il
1530,sd2083-il
1531,sd5060-il
1532,sd6060-il
1533,sd6080-il
1534,sd7003-il
1535,sd7032-il
1536,sd7034-il
1537,sd7037-il
1538,sd7043-il
1539,sd7062-il
1540,sd7080-il
1541,sd7084-il
1542,sd7090-il
1543,sd8000-il
1544,sd8020-il
1545,sd8040-il
1546,sg6040-il
1547,sg6041-il
1548,sg6042-il
1549,sg6043-il
1550,sg6050-il
1551,sg6051-il
1552,sm701-il
1553,sokolov-il
1554,sp4621hp-po
1555,sp4721la-po
1556,spicasm-il
1557,ssca07-il
1558,ssca09-il
1559,stcyr171-il
1560,stcyr172-il
1561,stcyr234-il
1562,stcyr24-il
1563,ste87151-il
1564,ste87391-il
1565,stf86361-il
1566,strand-il
1567,supermarine371i-il
1568,supermarine371ii-il
1569,tempest1-il
1570,tempest2-il
1571,tempest3-il
1572,th25816-il
1573,trainer60-il
1574,tsagi-r-3a-il
1575,tsagi12-il
1576,tsagi8-il
1577,ua2-180-il
1578,ua2-180sm-il
1579,ua79sf18-il
1580,ua79sff-il
1581,ua79sfm-il
1582,uag8814320-il
1583,ui1720-il
1584,ultimate-il
1585,us1000root-il
1586,usa22-il
1587,usa25-il
1588,usa26-il
1589,usa27-il
1590,usa27m2-il
1591,usa28-il
1592,usa29-il
1593,usa31-il
1594,usa32-il
1595,usa33-il
1596,usa34-il
1597,usa35-il
1598,usa35a-il
1599,usa35b-il
1600,usa40-il
1601,usa40b-il
1602,usa41-il
1603,usa45-il
1604,usa45m-il
1605,usa46-il
1606,usa48-il
1607,usa49-il
1608,usa5-il
1609,usa50-il
1610,usa51-il
1611,usa98-il
1612,usnps4-il
1613,v13006-il
1614,v13009-il
1615,v23010-il
1616,v43012-il
1617,v43015-il
1618,vr1-il
1619,vr11x-il
1620,vr12-il
1621,vr13-il
1622,vr14-il
1623,vr15-il
1624,vr5-il
1625,vr7-il
1626,vr7b-il
1627,vr8-il
1628,vr8b-il
1629,vr9-il
1630,waspsm-il
1631,wb13535sm-il
1632,wb140-il
1633,whitcomb-il
1634,ys900-il
1635,ys915-il
1636,ys930-il
